№;Организатор / имя;Вид деятельности;Город;Контакты (сводно);Telegram;Email;WhatsApp;Телефон;Instagram;Сайт;Событий;Статус
1;@lizunik482;Вечеринки, Игры и квизы, Йога и здоровье, Лекции;Гианьяр, Bali, Переренан, Bali, Чангу, Bali;TG: @lizunik482;@lizunik482;;;;;;8;
2;@mortemanes;Игры и квизы;Нячанг;TG: @mortemanes;@mortemanes;;;;;;6;
3;Активация Кундалини / Kundalini Activation;Выставки, Еда и напитки, Лекции, Спорт;Балиан, Bali, Печату (Улувату), Bali, Сукавати, Bali, Тибубененг, Bali, Чангу, Bali;Сайт: https://www.instagram.com;;;;;;https://www.instagram.com;5;архив
4;@restaurant_369_danang;Игры и квизы;Дананг;TG: @restaurant_369_danang;@restaurant_369_danang;;;;;;5;
5;Выставка Lucid Dreams & Repetisi Memori;Выставки;Табанан, Bali;Сайт: https://www.nuanu.com/events/lucid-dreams-repetisi-memori;;;;;;https://www.nuanu.com/events/lucid-dreams-repetisi-memori;4;
6;@alphadivebarnhatrang;Вечеринки;Нячанг;TG: @alphadivebarnhatrang;@alphadivebarnhatrang;;;;;;3;
7;@english_small_talk_nha_trang;Разговорный клуб;Нячанг;TG: @english_small_talk_nha_trang;@english_small_talk_nha_trang;;;;;;3;
8;@vik_travell;Экскурсии и туры;Нячанг;TG: @vik_travell;@vik_travell;;;;;;3;
9;Открытие выставки Sometimes, This is Reality;Выставки;Переренан, Bali;Тел: +081138308989 | IG: @lebajo_bali | Сайт: https://www.instagram.com;;;;+081138308989;@lebajo_bali;https://www.instagram.com;3;
10;Обед в Tchin Tchin Umalas;Еда и напитки;Тибубененг, Bali;IG: @tchintchin_umalas;;;;;@tchintchin_umalas;;3;
11;@bass_to_face;Концерты;Дананг;TG: @bass_to_face;@bass_to_face;;;;;;2;архив
12;@infraredfade;Киноклуб;Дананг;TG: @infraredfade;@infraredfade;;;;;;2;
13;@konstantin_pokrovskiy;Йога и здоровье;Дананг;TG: @konstantin_pokrovskiy;@konstantin_pokrovskiy;;;;;;2;
14;@yasnaya_olya;Встречи и нетворкинг;Дананг;TG: @yasnaya_olya;@yasnaya_olya;;;;;;2;
15;@yoga_club_da_nang;Йога и здоровье;Дананг;TG: @yoga_club_da_nang;@yoga_club_da_nang;;;;;;2;
16;@your_jewelery;Мастер-классы;Дананг;TG: @your_jewelery;@your_jewelery;;;;;;2;
17;Пятничная вечеринка Circa Fridays в Luigi's;Вечеринки;Кута, Bali;IG: @luigihotpizzabali;;;;;@luigihotpizzabali;;2;
18;@arturgaas;Йога и здоровье;Нячанг;TG: @arturgaas;@arturgaas;;;;;;2;
19;@melomania79;Вечеринки;Нячанг;TG: @melomania79;@melomania79;;;;;;2;
20;@nhatrang_606;Вечеринки;Нячанг;TG: @nhatrang_606;@nhatrang_606;;;;;;2;архив
21;@pt_gavrilov;Спорт;Нячанг;TG: @pt_gavrilov;@pt_gavrilov;;;;;;2;
22;@taaaaanch;Йога и здоровье;Нячанг;TG: @taaaaanch;@taaaaanch;;;;;;2;
23;@vera_yoga03;Йога и здоровье;Нячанг;TG: @vera_yoga03;@vera_yoga03;;;;;;2;
24;Соревнования по сёрфингу Rip Curl Cup 2026;Спорт;Печату (Улувату), Bali;IG: @ripcurl_indo;;;;;@ripcurl_indo;;2;
25;Выставка KEDUNGWUNI 104/208 в Masa Masa Bali;Выставки;Сукавати, Bali;IG: @masamasabali;;;;;@masamasabali;;2;
26;13-летие Old Man's;Вечеринки;Чангу, Bali;IG: @oldmansbali;;;;;@oldmansbali;;2;
27;@ok_roxanne;Разговорный клуб;Чангу, Bali;TG: @ok_roxanne;@ok_roxanne;;;;;;2;
28;🎬 Культовое кино в Ash Nuanu;Киноклуб;Балиан, Bali;IG: @ash_nuanu | Сайт: https://megatix.co.id/events/ash-nuanu-pass?aid=BALIFORUM;;;;;@ash_nuanu;https://megatix.co.id/events/ash-nuanu-pass?aid=BALIFORUM;1;
29;Квиз Эйнштейн Пати;Игры и квизы;Беноа (Нуса Дуа), Bali;Тел: +6287725305496;;;;+6287725305496;;;1;архив
30;Квиз, плиз!;Вечеринки;Букит, Bali;Сайт: https://bali.quizplease.com;;;;;;https://bali.quizplease.com;1;архив
31;Вечеринка Sun Down Circle в Potato Head;Вечеринки;Далунг, Bali;Тел: +03614737979 | IG: @potatohead;;;;+03614737979;@potatohead;;1;архив
32;@alenaokami;Мастер-классы;Дананг;TG: @alenaokami;@alenaokami;;;;;;1;
33;@doit_hard;Вечеринки;Дананг;TG: @doit_hard;@doit_hard;;;;;;1;
34;@elenadrozd_8;Вечеринки;Дананг;TG: @elenadrozd_8;@elenadrozd_8;;;;;;1;
35;@vitaliimoskalev;Игры и квизы;Дананг;TG: @vitaliimoskalev;@vitaliimoskalev;;;;;;1;
36;Фестиваль Bali Movement в Bangli;Фестивали;Нет в списке, Bali;IG: @balimovementfestival;;;;;@balimovementfestival;;1;
37;@chev_ch;Игры и квизы;Нячанг;TG: @chev_ch;@chev_ch;;;;;;1;
38;@gautamsv;Йога и здоровье;Нячанг;TG: @gautamsv;@gautamsv;;;;;;1;
39;@olegkrendelev;Игры и квизы;Нячанг;TG: @olegkrendelev;@olegkrendelev;;;;;;1;
40;@poaniki;Встречи и нетворкинг;Нячанг;TG: @poaniki;@poaniki;;;;;;1;
41;@svet_lana_knows;Мастер-классы;Нячанг;TG: @svet_lana_knows;@svet_lana_knows;;;;;;1;
42;@taiss_kotova;Мастер-классы;Нячанг;TG: @taiss_kotova;@taiss_kotova;;;;;;1;
43;@art_team_bali_adm;Мастер-классы;Переренан, Bali;TG: @art_team_bali_adm;@art_team_bali_adm;;;;;;1;
44;@aqua;Мастер-классы;Печату (Улувату), Bali;TG: @aqua | IG: @latribubali;@aqua;;;;@latribubali;;1;
45;Выступление Awen в Savaya;Концерты;Печату (Улувату), Bali;Сайт: https://www.savaya.com/event-calendar/august-23-2026;;;;;;https://www.savaya.com/event-calendar/august-23-2026;1;
46;Выступление Cristoph в Savaya;Концерты;Печату (Улувату), Bali;Сайт: https://www.savaya.com/event-calendar/august-22-2026;;;;;;https://www.savaya.com/event-calendar/august-22-2026;1;
47;Фестиваль Defected Bali в Savaya;Вечеринки;Печату (Улувату), Bali;Сайт: https://www.savaya.com/event-calendar/august-21-2026;;;;;;https://www.savaya.com/event-calendar/august-21-2026;1;архив
48;Фестиваль Sun Down Circle в Potato Head;Концерты;Семиньяк, Bali;Сайт: https://megatix.co.id/white-label/sun-down-circle;;;;;;https://megatix.co.id/white-label/sun-down-circle;1;архив
49;Genius Talks: идеи и знакомства в Nuanu;Конференции;Табанан, Bali;Сайт: https://megatix.co.id;;;;;;https://megatix.co.id;1;архив
50;"Выставка Lucid Dreams &amp; Repetisi Memori";Выставки;Табанан, Bali;Сайт: https://www.nuanu.com;;;;;;https://www.nuanu.com;1;архив
51;@slavapeace;Йога и здоровье;Убуд, Bali;TG: @slavapeace;@slavapeace;;;;;;1;архив
52;Квиз, плиз!;Игры и квизы;Чангу, Bali;Сайт: https://clck.ru/3RnDe2;;;;;;https://clck.ru/3RnDe2;1;
53;Танец кечак в Nuanu Creative City;Концерты;Чемаги, Bali;Сайт: https://www.nuanu.com/events/nuanu-kecak-dance;;;;;;https://www.nuanu.com/events/nuanu-kecak-dance;1;
